{
  "type": "service_account",
  "project_id": "plus0nefinalproject",
  "private_key_id": "%FIREBASE_PRIVATE_KEY_ID%",
  "private_key": "%FIREBASE_PRIVATE_KEY%",
  "client_email": "firebase-adminsdk-7r3ex@plus0nefinalproject.iam.gserviceaccount.com",
  "client_id": "102996631299276491274",
  "auth_uri": "https://accounts.google.com/o/oauth2/auth",
  "token_uri": "https://oauth2.googleapis.com/token",
  "auth_provider_x509_cert_url": "https://www.googleapis.com/oauth2/v1/certs",
  "client_x509_cert_url": "https://www.googleapis.com/robot/v1/metadata/x509/firebase-adminsdk-7r3ex%40plus0nefinalproject.iam.gserviceaccount.com"
}
